source,destination,distance,avgdelay
planetlabone.ccs.neu.edu,75-130-96-12.static.oxfr.ma.charter.com,40.3915,5
planetlabtwo.ccs.neu.edu,75-130-96-12.static.oxfr.ma.charter.com,40.3915,6
planetlab1.cs.uml.edu,75-130-96-12.static.oxfr.ma.charter.com,36.0409,10
ebb.colgate.edu,75-130-96-12.static.oxfr.ma.charter.com,193.358,11
planetlab3.cnds.jhu.edu,planetlab-01.vt.nodes.planet-lab.org,253.582,12
node2.planetlab.mathcs.emory.edu,planetlab-01.vt.nodes.planet-lab.org,322.686,13
node1.planetlab.mathcs.emory.edu,planetlab-01.vt.nodes.planet-lab.org,322.686,13
planetlab2.temple.edu,planetlab-01.vt.nodes.planet-lab.org,342.436,14
planetlab1.temple.edu,planetlab-01.vt.nodes.planet-lab.org,342.436,14
planetlab2.temple.edu,75-130-96-12.static.oxfr.ma.charter.com,235.434,17
planet3.cc.gt.atl.ga.us,planetlab-01.vt.nodes.planet-lab.org,326.092,17
planet3.cc.gt.atl.ga.us,planetlab-01.vt.nodes.planet-lab.org,326.092,17
planetlab1.temple.edu,75-130-96-12.static.oxfr.ma.charter.com,235.434,18
planet3.cc.gt.atl.ga.us,planetlab-01.vt.nodes.planet-lab.org,326.092,18
planet3.cc.gt.atl.ga.us,planetlab-01.vt.nodes.planet-lab.org,326.092,18
planetlab-04.vt.nodes.planet-lab.org,75-130-96-12.static.oxfr.ma.charter.com,575.302,22
planetlab2.cs.pitt.edu,75-130-96-12.static.oxfr.ma.charter.com,447.326,24
ebb.colgate.edu,planetlab-01.vt.nodes.planet-lab.org,465.687,24
75-130-96-12.static.oxfr.ma.charter.com,planetlab-01.vt.nodes.planet-lab.org,575.302,24
planetlab1.cs.uml.edu,planetlab-01.vt.nodes.planet-lab.org,610.549,24
planetlab2.cs.pitt.edu,planetlab-01.vt.nodes.planet-lab.org,212.222,25
planetlab3.cnds.jhu.edu,75-130-96-12.static.oxfr.ma.charter.com,322.619,30
planetlab3.eecs.umich.edu,75-130-96-12.static.oxfr.ma.charter.com,607.964,31
planetlab1.cs.unc.edu,planetlab-01.vt.nodes.planet-lab.org,117.005,31
planetlab5.csee.usf.edu,planetlab-01.vt.nodes.planet-lab.org,642.618,35
planetlab3.eecs.umich.edu,planetlab-01.vt.nodes.planet-lab.org,392.826,35
planetlab1.cs.unc.edu,75-130-96-12.static.oxfr.ma.charter.com,585.249,36
planetlabone.ccs.neu.edu,planetlab-01.vt.nodes.planet-lab.org,612.177,39
planetlabtwo.ccs.neu.edu,planetlab-01.vt.nodes.planet-lab.org,612.177,39
planetlab3.wail.wisc.edu,planetlab-01.vt.nodes.planet-lab.org,623.239,39
planetlab2.citadel.edu,planetlab-01.vt.nodes.planet-lab.org,305.582,41
planetlab5.csee.usf.edu,75-130-96-12.static.oxfr.ma.charter.com,1148.32,42
planetlab2.acis.ufl.edu,planetlab-01.vt.nodes.planet-lab.org,530.866,42
planetlab2.unl.edu,75-130-96-12.static.oxfr.ma.charter.com,1285.07,42
planetlab3.wail.wisc.edu,75-130-96-12.static.oxfr.ma.charter.com,893.001,44
planetlab1.cs.okstate.edu,75-130-96-12.static.oxfr.ma.charter.com,1411.82,44
planetlab1.acis.ufl.edu,planetlab-01.vt.nodes.planet-lab.org,530.866,45
planetlab2.acis.ufl.edu,75-130-96-12.static.oxfr.ma.charter.com,1046.62,45
planetlab2.unl.edu,planetlab-01.vt.nodes.planet-lab.org,905.913,45
planet3.cc.gt.atl.ga.us,75-130-96-12.static.oxfr.ma.charter.com,900.516,45
planet3.cc.gt.atl.ga.us,75-130-96-12.static.oxfr.ma.charter.com,900.516,45
planet3.cc.gt.atl.ga.us,75-130-96-12.static.oxfr.ma.charter.com,900.516,45
planet3.cc.gt.atl.ga.us,75-130-96-12.static.oxfr.ma.charter.com,900.516,45
node1.planetlab.mathcs.emory.edu,75-130-96-12.static.oxfr.ma.charter.com,896.963,46
node2.planetlab.mathcs.emory.edu,75-130-96-12.static.oxfr.ma.charter.com,896.963,46
planetlab1.acis.ufl.edu,75-130-96-12.static.oxfr.ma.charter.com,1046.62,47
planetlab2.uta.edu,75-130-96-12.static.oxfr.ma.charter.com,1528.06,48
planetlab2.cs.du.edu,75-130-96-12.static.oxfr.ma.charter.com,1727.76,49
planetlab1.cs.du.edu,planetlab-01.vt.nodes.planet-lab.org,1335.36,49
planetlab2.uta.edu,planetlab-01.vt.nodes.planet-lab.org,993.408,49
planetlab1.cs.du.edu,75-130-96-12.static.oxfr.ma.charter.com,1727.76,49
planetlab2.cs.du.edu,planetlab-01.vt.nodes.planet-lab.org,1335.36,50
planetlab1.cs.okstate.edu,planetlab-01.vt.nodes.planet-lab.org,925.173,53
pl3.cs.unm.edu,planetlab-01.vt.nodes.planet-lab.org,1466.68,56
pl3.cs.unm.edu,75-130-96-12.static.oxfr.ma.charter.com,1929.31,56
planetlab2.citadel.edu,75-130-96-12.static.oxfr.ma.charter.com,791.667,58
pl2.cs.unm.edu,75-130-96-12.static.oxfr.ma.charter.com,1929.31,60
planetlab2.unr.edu,75-130-96-12.static.oxfr.ma.charter.com,2480.67,66
planetlab2.unr.edu,75-130-96-12.static.oxfr.ma.charter.com,2480.67,66
planetlab1.unr.edu,75-130-96-12.static.oxfr.ma.charter.com,2480.67,66
planetlab2.arizona-gigapop.net,planetlab-01.vt.nodes.planet-lab.org,1759.98,66
planetlab1.arizona-gigapop.net,planetlab-01.vt.nodes.planet-lab.org,1759.98,67
planetlab01.cs.washington.edu,75-130-96-12.static.oxfr.ma.charter.com,2452.48,74
planetlab2.arizona-gigapop.net,75-130-96-12.static.oxfr.ma.charter.com,2239.32,74
planetlab02.cs.washington.edu,75-130-96-12.static.oxfr.ma.charter.com,2452.48,74
planetlab1.arizona-gigapop.net,75-130-96-12.static.oxfr.ma.charter.com,2239.32,74
planetlab4.cs.uoregon.edu,75-130-96-12.static.oxfr.ma.charter.com,2543.96,80
planetlab01.cs.washington.edu,planetlab-01.vt.nodes.planet-lab.org,2224.59,80
planetlab2.cs.uoregon.edu,75-130-96-12.static.oxfr.ma.charter.com,2543.96,80
planetlab02.cs.washington.edu,planetlab-01.vt.nodes.planet-lab.org,2224.59,80
planetlab2.unr.edu,planetlab-01.vt.nodes.planet-lab.org,2123.48,81
planetlab1.unr.edu,planetlab-01.vt.nodes.planet-lab.org,2123.48,81
planetlab2.unr.edu,planetlab-01.vt.nodes.planet-lab.org,2123.48,81
planetlab1.cs.ucla.edu,planetlab-01.vt.nodes.planet-lab.org,2132.24,83
planetlab3.ucsd.edu,75-130-96-12.static.oxfr.ma.charter.com,2539.12,88
pl2.cs.unm.edu,planetlab-01.vt.nodes.planet-lab.org,1466.68,93
planetlab2.cs.ucla.edu,75-130-96-12.static.oxfr.ma.charter.com,2562.54,95
planetlab1.cs.ucla.edu,75-130-96-12.static.oxfr.ma.charter.com,2562.54,96
planetlab4.cs.uoregon.edu,planetlab-01.vt.nodes.planet-lab.org,2259.72,99
planetlab2.cs.uoregon.edu,planetlab-01.vt.nodes.planet-lab.org,2259.72,99
planetlab3.cs.uoregon.edu,planetlab-01.vt.nodes.planet-lab.org,2259.72,99
pl1.cs.montana.edu,planetlab-01.vt.nodes.planet-lab.org,1678.85,101
planet3.cc.gt.atl.ga.us,node2.planetlab.mathcs.emory.edu,4.22698,105
planet3.cc.gt.atl.ga.us,node2.planetlab.mathcs.emory.edu,4.22698,105
node1.planetlab.mathcs.emory.edu,planet3.cc.gt.atl.ga.us,4.22698,106
node1.planetlab.mathcs.emory.edu,planet3.cc.gt.atl.ga.us,4.22698,106
planet3.cc.gt.atl.ga.us,node2.planetlab.mathcs.emory.edu,4.22698,107
planet3.cc.gt.atl.ga.us,node2.planetlab.mathcs.emory.edu,4.22698,107
planet3.cc.gt.atl.ga.us,node1.planetlab.mathcs.emory.edu,4.22698,107
planet3.cc.gt.atl.ga.us,node1.planetlab.mathcs.emory.edu,4.22698,107
planetlab2.cs.ucla.edu,planetlab-01.vt.nodes.planet-lab.org,2132.24,108
node1.planetlab.mathcs.emory.edu,planet3.cc.gt.atl.ga.us,4.22698,109
node1.planetlab.mathcs.emory.edu,planet3.cc.gt.atl.ga.us,4.22698,109
node1.planetlab.mathcs.emory.edu,planet3.cc.gt.atl.ga.us,4.22698,110
node1.planetlab.mathcs.emory.edu,planet3.cc.gt.atl.ga.us,4.22698,110
node2.planetlab.mathcs.emory.edu,planet3.cc.gt.atl.ga.us,4.22698,110
node2.planetlab.mathcs.emory.edu,planet3.cc.gt.atl.ga.us,4.22698,110
node1.planetlab.mathcs.emory.edu,planet3.cc.gt.atl.ga.us,4.22698,110
node1.planetlab.mathcs.emory.edu,planet3.cc.gt.atl.ga.us,4.22698,110
node2.planetlab.mathcs.emory.edu,planet3.cc.gt.atl.ga.us,4.22698,110
node2.planetlab.mathcs.emory.edu,planet3.cc.gt.atl.ga.us,4.22698,110
node1.planetlab.mathcs.emory.edu,planet3.cc.gt.atl.ga.us,4.22698,112
node1.planetlab.mathcs.emory.edu,planet3.cc.gt.atl.ga.us,4.22698,112
node2.planetlab.mathcs.emory.edu,planet3.cc.gt.atl.ga.us,4.22698,113
node2.planetlab.mathcs.emory.edu,planet3.cc.gt.atl.ga.us,4.22698,113
node2.planetlab.mathcs.emory.edu,planet3.cc.gt.atl.ga.us,4.22698,113
node2.planetlab.mathcs.emory.edu,planet3.cc.gt.atl.ga.us,4.22698,113
node1.planetlab.mathcs.emory.edu,planet3.cc.gt.atl.ga.us,4.22698,114
planet3.cc.gt.atl.ga.us,node2.planetlab.mathcs.emory.edu,4.22698,114
planet3.cc.gt.atl.ga.us,node2.planetlab.mathcs.emory.edu,4.22698,114
node1.planetlab.mathcs.emory.edu,planet3.cc.gt.atl.ga.us,4.22698,114
planet3.cc.gt.atl.ga.us,node2.planetlab.mathcs.emory.edu,4.22698,115
planet3.cc.gt.atl.ga.us,node2.planetlab.mathcs.emory.edu,4.22698,115
pl1.cs.montana.edu,75-130-96-12.static.oxfr.ma.charter.com,1945.63,116
node2.planetlab.mathcs.emory.edu,planet3.cc.gt.atl.ga.us,4.22698,116
node2.planetlab.mathcs.emory.edu,planet3.cc.gt.atl.ga.us,4.22698,116
planet3.cc.gt.atl.ga.us,node2.planetlab.mathcs.emory.edu,4.22698,117
planet3.cc.gt.atl.ga.us,node2.planetlab.mathcs.emory.edu,4.22698,117
planet3.cc.gt.atl.ga.us,node1.planetlab.mathcs.emory.edu,4.22698,117
planet3.cc.gt.atl.ga.us,node1.planetlab.mathcs.emory.edu,4.22698,117
planet3.cc.gt.atl.ga.us,node1.planetlab.mathcs.emory.edu,4.22698,118
planet3.cc.gt.atl.ga.us,node1.planetlab.mathcs.emory.edu,4.22698,118
planet3.cc.gt.atl.ga.us,node1.planetlab.mathcs.emory.edu,4.22698,119
planet3.cc.gt.atl.ga.us,node1.planetlab.mathcs.emory.edu,4.22698,119
planet3.cc.gt.atl.ga.us,node1.planetlab.mathcs.emory.edu,4.22698,120
planet3.cc.gt.atl.ga.us,node1.planetlab.mathcs.emory.edu,4.22698,120
node2.planetlab.mathcs.emory.edu,planet3.cc.gt.atl.ga.us,4.22698,122
node2.planetlab.mathcs.emory.edu,planet3.cc.gt.atl.ga.us,4.22698,122
planet3.cc.gt.atl.ga.us,node1.planetlab.mathcs.emory.edu,4.22698,122
planet3.cc.gt.atl.ga.us,node1.planetlab.mathcs.emory.edu,4.22698,122
planet3.cc.gt.atl.ga.us,node1.planetlab.mathcs.emory.edu,4.22698,124
planet3.cc.gt.atl.ga.us,node1.planetlab.mathcs.emory.edu,4.22698,124
planet3.cc.gt.atl.ga.us,node2.planetlab.mathcs.emory.edu,4.22698,125
planet3.cc.gt.atl.ga.us,node2.planetlab.mathcs.emory.edu,4.22698,125
planet3.cc.gt.atl.ga.us,node2.planetlab.mathcs.emory.edu,4.22698,125
planet3.cc.gt.atl.ga.us,node2.planetlab.mathcs.emory.edu,4.22698,125
planet3.cc.gt.atl.ga.us,node1.planetlab.mathcs.emory.edu,4.22698,125
planet3.cc.gt.atl.ga.us,node1.planetlab.mathcs.emory.edu,4.22698,125
planet3.cc.gt.atl.ga.us,node1.planetlab.mathcs.emory.edu,4.22698,128
planet3.cc.gt.atl.ga.us,node1.planetlab.mathcs.emory.edu,4.22698,128
planet3.cc.gt.atl.ga.us,node2.planetlab.mathcs.emory.edu,4.22698,131
planet3.cc.gt.atl.ga.us,node2.planetlab.mathcs.emory.edu,4.22698,131
planet3.cc.gt.atl.ga.us,node2.planetlab.mathcs.emory.edu,4.22698,132
planet3.cc.gt.atl.ga.us,node2.planetlab.mathcs.emory.edu,4.22698,132
planet3.cc.gt.atl.ga.us,node1.planetlab.mathcs.emory.edu,4.22698,132
planet3.cc.gt.atl.ga.us,node1.planetlab.mathcs.emory.edu,4.22698,132
planet3.cc.gt.atl.ga.us,node2.planetlab.mathcs.emory.edu,4.22698,135
planet3.cc.gt.atl.ga.us,node2.planetlab.mathcs.emory.edu,4.22698,135
planet3.cc.gt.atl.ga.us,node1.planetlab.mathcs.emory.edu,4.22698,136
planet3.cc.gt.atl.ga.us,node1.planetlab.mathcs.emory.edu,4.22698,136
planetlabone.ccs.neu.edu,75-130-96-12.static.oxfr.ma.charter.com,40.3915,137
planetlabone.ccs.neu.edu,75-130-96-12.static.oxfr.ma.charter.com,40.3915,137
planet3.cc.gt.atl.ga.us,node2.planetlab.mathcs.emory.edu,4.22698,138
planet3.cc.gt.atl.ga.us,node2.planetlab.mathcs.emory.edu,4.22698,138
planetlabone.ccs.neu.edu,75-130-96-12.static.oxfr.ma.charter.com,40.3915,138
planetlabone.ccs.neu.edu,75-130-96-12.static.oxfr.ma.charter.com,40.3915,141
planetlabtwo.ccs.neu.edu,planetlab1.cs.uml.edu,24.7867,143
planetlabone.ccs.neu.edu,planetlab1.cs.uml.edu,24.7867,144
planetlabtwo.ccs.neu.edu,planetlab1.cs.uml.edu,24.7867,146
planetlabone.ccs.neu.edu,planetlab1.cs.uml.edu,24.7867,147
planetlabtwo.ccs.neu.edu,75-130-96-12.static.oxfr.ma.charter.com,40.3915,147
planetlabtwo.ccs.neu.edu,planetlab1.cs.uml.edu,24.7867,147
75-130-96-12.static.oxfr.ma.charter.com,planetlabtwo.ccs.neu.edu,40.3915,147
planetlabone.ccs.neu.edu,75-130-96-12.static.oxfr.ma.charter.com,40.3915,148
planetlabtwo.ccs.neu.edu,75-130-96-12.static.oxfr.ma.charter.com,40.3915,149
planetlabtwo.ccs.neu.edu,75-130-96-12.static.oxfr.ma.charter.com,40.3915,149
planetlabtwo.ccs.neu.edu,planetlab1.cs.uml.edu,24.7867,150
planetlabtwo.ccs.neu.edu,planetlab1.cs.uml.edu,24.7867,150
75-130-96-12.static.oxfr.ma.charter.com,planetlabtwo.ccs.neu.edu,40.3915,150
planetlabone.ccs.neu.edu,planetlab1.cs.uml.edu,24.7867,151
planetlabtwo.ccs.neu.edu,75-130-96-12.static.oxfr.ma.charter.com,40.3915,151
planetlabtwo.ccs.neu.edu,planetlab1.cs.uml.edu,24.7867,152
planet3.cc.gt.atl.ga.us,node2.planetlab.mathcs.emory.edu,4.22698,153
planet3.cc.gt.atl.ga.us,node2.planetlab.mathcs.emory.edu,4.22698,153
75-130-96-12.static.oxfr.ma.charter.com,planetlabone.ccs.neu.edu,40.3915,153
75-130-96-12.static.oxfr.ma.charter.com,planetlabtwo.ccs.neu.edu,40.3915,154
75-130-96-12.static.oxfr.ma.charter.com,planetlabtwo.ccs.neu.edu,40.3915,155
75-130-96-12.static.oxfr.ma.charter.com,planetlabone.ccs.neu.edu,40.3915,157
75-130-96-12.static.oxfr.ma.charter.com,planetlabone.ccs.neu.edu,40.3915,158
planetlabtwo.ccs.neu.edu,75-130-96-12.static.oxfr.ma.charter.com,40.3915,159
75-130-96-12.static.oxfr.ma.charter.com,planetlabone.ccs.neu.edu,40.3915,162
75-130-96-12.static.oxfr.ma.charter.com,planetlabtwo.ccs.neu.edu,40.3915,163
75-130-96-12.static.oxfr.ma.charter.com,planetlabone.ccs.neu.edu,40.3915,165
planet3.cc.gt.atl.ga.us,node1.planetlab.mathcs.emory.edu,4.22698,169
planet3.cc.gt.atl.ga.us,node1.planetlab.mathcs.emory.edu,4.22698,169
planetlabone.ccs.neu.edu,planetlab1.cs.uml.edu,24.7867,172
planetlabone.ccs.neu.edu,planetlab1.cs.uml.edu,24.7867,173
planetlab3.cs.uoregon.edu,planetlab01.cs.washington.edu,252.225,189
planetlab4.cs.uoregon.edu,planetlab02.cs.washington.edu,252.225,190
planetlab4.cs.uoregon.edu,planetlab01.cs.washington.edu,252.225,190
planetlab3.cs.uoregon.edu,planetlab01.cs.washington.edu,252.225,191
planetlab2.cs.uoregon.edu,planetlab01.cs.washington.edu,252.225,192
planetlab2.cs.uoregon.edu,planetlab01.cs.washington.edu,252.225,192
planetlab4.cs.uoregon.edu,planetlab02.cs.washington.edu,252.225,193
planetlab02.cs.washington.edu,planetlab2.cs.uoregon.edu,252.225,194
planetlab3.cs.uoregon.edu,planetlab01.cs.washington.edu,252.225,194
planetlab3.cs.uoregon.edu,planetlab01.cs.washington.edu,252.225,194
planetlab2.cs.uoregon.edu,planetlab02.cs.washington.edu,252.225,195
planetlab3.cs.uoregon.edu,planetlab02.cs.washington.edu,252.225,195
planetlab2.cs.uoregon.edu,planetlab02.cs.washington.edu,252.225,195
planetlab3.cs.uoregon.edu,planetlab02.cs.washington.edu,252.225,195
planetlab2.cs.uoregon.edu,planetlab01.cs.washington.edu,252.225,195
planetlab4.cs.uoregon.edu,planetlab01.cs.washington.edu,252.225,196
planetlab3.cs.uoregon.edu,planetlab02.cs.washington.edu,252.225,196
planetlab2.cs.uoregon.edu,planetlab01.cs.washington.edu,252.225,196
planetlab4.cs.uoregon.edu,planetlab01.cs.washington.edu,252.225,197
planetlab3.cs.uoregon.edu,planetlab02.cs.washington.edu,252.225,198
planetlab2.cs.uoregon.edu,planetlab02.cs.washington.edu,252.225,198
planetlab4.cs.uoregon.edu,planetlab01.cs.washington.edu,252.225,198
planetlab3.cs.uoregon.edu,planetlab02.cs.washington.edu,252.225,198
planetlab3.cs.uoregon.edu,planetlab01.cs.washington.edu,252.225,198
planetlab4.cs.uoregon.edu,planetlab02.cs.washington.edu,252.225,199
planetlab3.cs.uoregon.edu,planetlab01.cs.washington.edu,252.225,199
planetlab4.cs.uoregon.edu,planetlab02.cs.washington.edu,252.225,200
planetlab02.cs.washington.edu,planetlab4.cs.uoregon.edu,252.225,200
planetlab4.cs.uoregon.edu,planetlab02.cs.washington.edu,252.225,201
planetlab4.cs.uoregon.edu,planetlab01.cs.washington.edu,252.225,201
planetlab3.cs.uoregon.edu,planetlab02.cs.washington.edu,252.225,201
planetlab2.cs.uoregon.edu,planetlab01.cs.washington.edu,252.225,202
planetlab2.cs.uoregon.edu,planetlab01.cs.washington.edu,252.225,202
planetlab1.cnis.nyit.edu,planetlab3.eecs.umich.edu,532.051,203
planetlab02.cs.washington.edu,planetlab2.cs.uoregon.edu,252.225,204
planetlab01.cs.washington.edu,planetlab3.cs.uoregon.edu,252.225,204
planetlab2.cs.uoregon.edu,planetlab02.cs.washington.edu,252.225,204
planetlab1.temple.edu,planetlab3.cnds.jhu.edu,88.9667,204
planetlab01.cs.washington.edu,planetlab2.cs.uoregon.edu,252.225,204
planetlab01.cs.washington.edu,planetlab2.cs.uoregon.edu,252.225,204
planetlab2.cs.uoregon.edu,planetlab02.cs.washington.edu,252.225,208
planetlab01.cs.washington.edu,planetlab2.cs.uoregon.edu,252.225,209
planetlab01.cs.washington.edu,planetlab2.cs.uoregon.edu,252.225,210
planetlab1.temple.edu,planetlab3.cnds.jhu.edu,88.9667,211
planetlab01.cs.washington.edu,planetlab4.cs.uoregon.edu,252.225,211
planetlab02.cs.washington.edu,planetlab2.cs.uoregon.edu,252.225,212
planetlab01.cs.washington.edu,planetlab3.cs.uoregon.edu,252.225,212
planetlab02.cs.washington.edu,planetlab3.cs.uoregon.edu,252.225,212
planetlab02.cs.washington.edu,planetlab2.cs.uoregon.edu,252.225,213
planetlab01.cs.washington.edu,planetlab3.cs.uoregon.edu,252.225,213
planetlab02.cs.washington.edu,planetlab3.cs.uoregon.edu,252.225,213
planetlab01.cs.washington.edu,planetlab4.cs.uoregon.edu,252.225,213
planetlab2.temple.edu,planetlab3.cnds.jhu.edu,88.9667,214
planetlab01.cs.washington.edu,planetlab3.cs.uoregon.edu,252.225,214
planetlab01.cs.washington.edu,planetlab4.cs.uoregon.edu,252.225,216
planetlab01.cs.washington.edu,planetlab3.cs.uoregon.edu,252.225,217
planetlab02.cs.washington.edu,planetlab3.cs.uoregon.edu,252.225,217
planetlab02.cs.washington.edu,planetlab4.cs.uoregon.edu,252.225,219
planetlab01.cs.washington.edu,planetlab2.cs.uoregon.edu,252.225,219
planetlab02.cs.washington.edu,planetlab2.cs.uoregon.edu,252.225,221
planetlab01.cs.washington.edu,planetlab3.cs.uoregon.edu,252.225,222
planetlab2.cs.du.edu,planetlab1.cs.ucla.edu,838.534,224
planetlab02.cs.washington.edu,planetlab4.cs.uoregon.edu,252.225,225
planetlab02.cs.washington.edu,planetlab3.cs.uoregon.edu,252.225,228
pl3.cs.unm.edu,planetlab2.temple.edu,1749.1,228
planetlab02.cs.washington.edu,planetlab4.cs.uoregon.edu,252.225,229
planetlab01.cs.washington.edu,planetlab4.cs.uoregon.edu,252.225,234
planetlab2.cs.uoregon.edu,planetlab02.cs.washington.edu,252.225,236
planetlab2.unr.edu,salt.planetlab.cs.umd.edu,2271.58,237
planetlab1.temple.edu,planetlabtwo.ccs.neu.edu,270.723,244
planetlab1.temple.edu,salt.planetlab.cs.umd.edu,117.417,247
planetlab1.cs.ucla.edu,node2.planetlab.mathcs.emory.edu,1946.8,250
planetlab2.temple.edu,planetlabone.ccs.neu.edu,270.723,254
pl2.cs.unm.edu,75-130-96-12.static.oxfr.ma.charter.com,1929.31,254
planetlab1.temple.edu,planetlabone.ccs.neu.edu,270.723,255
75-130-96-12.static.oxfr.ma.charter.com,planetlab1.cs.uml.edu,36.0409,257
planetlab1.temple.edu,planetlabtwo.ccs.neu.edu,270.723,258
node1.planetlab.mathcs.emory.edu,planetlab01.cs.washington.edu,2179.38,258
planetlab1.temple.edu,planetlabone.ccs.neu.edu,270.723,258
planetlabone.ccs.neu.edu,planetlab2.temple.edu,270.723,260
planetlabone.ccs.neu.edu,planetlab1.temple.edu,270.723,262
planetlab2.temple.edu,planetlabone.ccs.neu.edu,270.723,262
planetlabone.ccs.neu.edu,planetlab2.temple.edu,270.723,264
planetlab2.unr.edu,planetlab5.csee.usf.edu,2269.85,267
planetlab2.temple.edu,planetlab3.cnds.jhu.edu,88.9667,267
75-130-96-12.static.oxfr.ma.charter.com,planetlab1.cs.uml.edu,36.0409,269
75-130-96-12.static.oxfr.ma.charter.com,planetlab1.cs.uml.edu,36.0409,270
planetlabone.ccs.neu.edu,planetlab1.temple.edu,270.723,271
planetlabone.ccs.neu.edu,planetlab2.temple.edu,270.723,272
planetlabtwo.ccs.neu.edu,planetlab1.temple.edu,270.723,272
planetlab1.cs.unc.edu,planetlab2.arizona-gigapop.net,1835.61,273
planetlab1.temple.edu,salt.planetlab.cs.umd.edu,117.417,275
planetlab02.cs.washington.edu,planet3.cc.gt.atl.ga.us,2176.62,276
planetlabone.ccs.neu.edu,planetlab2.temple.edu,270.723,276
planetlab2.arizona-gigapop.net,planetlab1.cs.unc.edu,1835.61,276
planetlab02.cs.washington.edu,planet3.cc.gt.atl.ga.us,2176.62,276
planetlab2.cs.pitt.edu,planetlab2.arizona-gigapop.net,1800.93,280
planetlabtwo.ccs.neu.edu,planetlab1.temple.edu,270.723,280
planetlabtwo.ccs.neu.edu,planetlab2.temple.edu,270.723,282
planetlab2.unr.edu,planetlab5.csee.usf.edu,2269.85,282
planetlab2.citadel.edu,planetlab3.ucsd.edu,2152.52,283
planetlabtwo.ccs.neu.edu,planetlab1.temple.edu,270.723,283
planetlab-04.vt.nodes.planet-lab.org,planetlab3.cnds.jhu.edu,253.582,284
planetlabtwo.ccs.neu.edu,planetlab2.temple.edu,270.723,285
planetlab1.cs.unc.edu,planetlab1.arizona-gigapop.net,1835.61,288
planet3.cc.gt.atl.ga.us,planetlab02.cs.washington.edu,2176.62,291
planet3.cc.gt.atl.ga.us,planetlab02.cs.washington.edu,2176.62,291
node2.planetlab.mathcs.emory.edu,planetlab02.cs.washington.edu,2179.38,293
planetlabone.ccs.neu.edu,planetlab1.temple.edu,270.723,296
planetlab1.cs.unc.edu,planetlab2.unl.edu,1010.64,296
node2.planetlab.mathcs.emory.edu,planetlab2.cs.ucla.edu,1946.8,297
planetlab4.cs.uoregon.edu,planetlab3.wail.wisc.edu,1675.66,299
planetlab2.cs.uoregon.edu,planetlab3.wail.wisc.edu,1675.66,301
node2.planetlab.mathcs.emory.edu,planetlab01.cs.washington.edu,2179.38,301
planetlab2.temple.edu,planetlabtwo.ccs.neu.edu,270.723,303
planetlab1.unr.edu,salt.planetlab.cs.umd.edu,2271.58,303
planetlabtwo.ccs.neu.edu,planetlab02.cs.washington.edu,2485.17,303
planetlab3.cs.uoregon.edu,planetlab3.wail.wisc.edu,1675.66,305
planetlab-04.vt.nodes.planet-lab.org,planetlab1.arizona-gigapop.net,1759.98,306
planetlab1.unr.edu,salt.planetlab.cs.umd.edu,2271.58,306
planetlab01.cs.washington.edu,node1.planetlab.mathcs.emory.edu,2179.38,307
node2.planetlab.mathcs.emory.edu,planetlab1.cnis.nyit.edu,762.242,309
planet3.cc.gt.atl.ga.us,planetlab02.cs.washington.edu,2176.62,309
planet3.cc.gt.atl.ga.us,planetlab02.cs.washington.edu,2176.62,309
planetlab2.uta.edu,planetlab4.cs.uoregon.edu,1598.03,310
pl3.cs.unm.edu,planetlab1.temple.edu,1749.1,310
pl1.cs.montana.edu,planetlab1.cs.du.edu,516.104,311
planetlab4.cs.uoregon.edu,planetlab3.wail.wisc.edu,1675.66,311
planetlab2.cs.ucla.edu,node2.planetlab.mathcs.emory.edu,1946.8,312
planet3.cc.gt.atl.ga.us,planetlab2.cs.unc.edu,337.891,312
planet3.cc.gt.atl.ga.us,planetlab2.cs.unc.edu,337.891,312
planetlab3.cs.uoregon.edu,planetlab3.wail.wisc.edu,1675.66,312
planetlabone.ccs.neu.edu,planetlab2.arizona-gigapop.net,2279.57,313
planetlab2.cs.ucla.edu,node1.planetlab.mathcs.emory.edu,1946.8,314
pl1.cs.montana.edu,planetlab3.ucsd.edu,942.925,314
planetlab1.arizona-gigapop.net,planetlab2.temple.edu,2053.47,314
pl1.cs.montana.edu,planetlab1.ucsd.edu,942.925,318
planetlab1.cs.ucla.edu,node2.planetlab.mathcs.emory.edu,1946.8,318
planetlab2.citadel.edu,planetlab1.ucsd.edu,2152.52,318
planetlab1.unr.edu,salt.planetlab.cs.umd.edu,2271.58,318
pl3.cs.unm.edu,node1.planetlab.mathcs.emory.edu,1272.71,318
planetlab2.unr.edu,salt.planetlab.cs.umd.edu,2271.58,319
pl1.cs.montana.edu,planetlab1.ucsd.edu,942.925,319
planetlabtwo.ccs.neu.edu,planetlab2.temple.edu,270.723,319
planetlab-04.vt.nodes.planet-lab.org,salt.planetlab.cs.umd.edu,225.227,320
planetlabone.ccs.neu.edu,planetlab1.unr.edu,2518.17,321
planetlabtwo.ccs.neu.edu,planetlab2.arizona-gigapop.net,2279.57,322
planetlab2.unr.edu,planetlab1.temple.edu,2346.81,322
planetlab1.temple.edu,planetlab3.cnds.jhu.edu,88.9667,325
planetlabone.ccs.neu.edu,planetlab1.unr.edu,2518.17,325
planetlab1.cs.okstate.edu,planetlab2.unl.edu,323.96,326
planetlab1.cs.okstate.edu,planetlab2.unl.edu,323.96,326
planetlab-04.vt.nodes.planet-lab.org,salt.planetlab.cs.umd.edu,225.227,326
planetlab-01.vt.nodes.planet-lab.org,salt.planetlab.cs.umd.edu,225.227,326
node2.planetlab.mathcs.emory.edu,planetlab1.cs.ucla.edu,1946.8,327
node1.planetlab.mathcs.emory.edu,planetlab2.cs.ucla.edu,1946.8,327
planet3.cc.gt.atl.ga.us,planetlab2.cs.ucla.edu,1942.88,328
planet3.cc.gt.atl.ga.us,planetlab2.cs.ucla.edu,1942.88,328
planetlab1.cs.okstate.edu,planetlab2.unl.edu,323.96,329
planetlab3.cnds.jhu.edu,planetlab1.unr.edu,2283.47,329
planetlab-01.vt.nodes.planet-lab.org,salt.planetlab.cs.umd.edu,225.227,331
planetlab-01.vt.nodes.planet-lab.org,salt.planetlab.cs.umd.edu,225.227,331
pl1.cs.montana.edu,planetlab1.cs.du.edu,516.104,333
node2.planetlab.mathcs.emory.edu,planetlab2.cs.ucla.edu,1946.8,334
planet3.cc.gt.atl.ga.us,planetlab2.cs.ucla.edu,1942.88,334
planet3.cc.gt.atl.ga.us,planetlab2.cs.ucla.edu,1942.88,334
planetlab2.unl.edu,planetlab1.cs.okstate.edu,323.96,334
node1.planetlab.mathcs.emory.edu,planetlab02.cs.washington.edu,2179.38,335
planetlabtwo.ccs.neu.edu,planetlab02.cs.washington.edu,2485.17,335
planetlabone.ccs.neu.edu,planetlab2.temple.edu,270.723,336
planetlab2.unr.edu,planetlab2.temple.edu,2346.81,338
planetlab2.temple.edu,planetlabtwo.ccs.neu.edu,270.723,338
planetlab1.temple.edu,planetlab01.cs.washington.edu,2371.56,339
planetlab2.uta.edu,planetlab2.cs.uoregon.edu,1598.03,339
planetlab-04.vt.nodes.planet-lab.org,node1.planetlab.mathcs.emory.edu,322.686,339
planetlab-04.vt.nodes.planet-lab.org,node2.planetlab.mathcs.emory.edu,322.686,339
node1.planetlab.mathcs.emory.edu,planetlab-04.vt.nodes.planet-lab.org,322.686,340
planetlab2.unl.edu,planetlab1.cs.okstate.edu,323.96,340
planetlabtwo.ccs.neu.edu,planetlab1.unr.edu,2518.17,341
planetlab3.wail.wisc.edu,planetlab02.cs.washington.edu,1616.67,342
planetlab2.cs.du.edu,pl1.cs.montana.edu,516.104,343
planetlab1.unr.edu,planetlab1.cs.uml.edu,2499.26,343
node2.planetlab.mathcs.emory.edu,planetlab-04.vt.nodes.planet-lab.org,322.686,343
planet3.cc.gt.atl.ga.us,planetlab01.cs.washington.edu,2176.62,343
planet3.cc.gt.atl.ga.us,planetlab01.cs.washington.edu,2176.62,343
planetlab01.cs.washington.edu,node1.planetlab.mathcs.emory.edu,2179.38,343
planetlab1.arizona-gigapop.net,planetlab1.cs.unc.edu,1835.61,344
75-130-96-12.static.oxfr.ma.charter.com,planetlab2.unr.edu,2480.67,344
planetlab1.arizona-gigapop.net,planetlab2.temple.edu,2053.47,345
planetlabtwo.ccs.neu.edu,planetlab2.temple.edu,270.723,345
node1.planetlab.mathcs.emory.edu,planetlab02.cs.washington.edu,2179.38,347
node2.planetlab.mathcs.emory.edu,planetlab-04.vt.nodes.planet-lab.org,322.686,347
planetlab3.wail.wisc.edu,planetlab2.arizona-gigapop.net,1390.94,348
node2.planetlab.mathcs.emory.edu,planetlab2.cs.unc.edu,333.827,348
planetlab2.citadel.edu,node1.planetlab.mathcs.emory.edu,261.163,348
planetlab2.arizona-gigapop.net,planetlab1.cs.unc.edu,1835.61,348
planetlab2.unl.edu,planetlab2.cs.unc.edu,1010.64,348
planetlab-04.vt.nodes.planet-lab.org,node1.planetlab.mathcs.emory.edu,322.686,348
node2.planetlab.mathcs.emory.edu,planetlab-01.vt.nodes.planet-lab.org,322.686,348
node1.planetlab.mathcs.emory.edu,planetlab-01.vt.nodes.planet-lab.org,322.686,349
node1.planetlab.mathcs.emory.edu,planetlab1.acis.ufl.edu,308.555,350
node2.planetlab.mathcs.emory.edu,planetlab-01.vt.nodes.planet-lab.org,322.686,350
planetlab1.temple.edu,planetlab-04.vt.nodes.planet-lab.org,342.436,352
node1.planetlab.mathcs.emory.edu,planetlab02.cs.washington.edu,2179.38,353
planetlab-04.vt.nodes.planet-lab.org,node1.planetlab.mathcs.emory.edu,322.686,353
planetlab5.csee.usf.edu,planetlab2.cs.ucla.edu,2160.94,355
planetlab1.arizona-gigapop.net,planetlab3.wail.wisc.edu,1390.94,355
planetlab2.uta.edu,planetlab3.cs.uoregon.edu,1598.03,355
planet3.cc.gt.atl.ga.us,planetlab01.cs.washington.edu,2176.62,355
planet3.cc.gt.atl.ga.us,planetlab01.cs.washington.edu,2176.62,355
node2.planetlab.mathcs.emory.edu,planetlab01.cs.washington.edu,2179.38,356
node1.planetlab.mathcs.emory.edu,planetlab-04.vt.nodes.planet-lab.org,322.686,356
planet3.cc.gt.atl.ga.us,planetlab01.cs.washington.edu,2176.62,356
planet3.cc.gt.atl.ga.us,planetlab01.cs.washington.edu,2176.62,356
node2.planetlab.mathcs.emory.edu,planetlab-01.vt.nodes.planet-lab.org,322.686,356
planetlab2.citadel.edu,node2.planetlab.mathcs.emory.edu,261.163,357
node2.planetlab.mathcs.emory.edu,planetlab-04.vt.nodes.planet-lab.org,322.686,358
planetlab5.csee.usf.edu,planetlab2.cnis.nyit.edu,1012.92,359
75-130-96-12.static.oxfr.ma.charter.com,planetlab2.unr.edu,2480.67,359
planetlab02.cs.washington.edu,node2.planetlab.mathcs.emory.edu,2179.38,360
planetlab02.cs.washington.edu,node2.planetlab.mathcs.emory.edu,2179.38,360
planetlab1.unr.edu,planetlab2.temple.edu,2346.81,360
planetlab01.cs.washington.edu,node2.planetlab.mathcs.emory.edu,2179.38,361
planetlabone.ccs.neu.edu,planetlab2.unr.edu,2518.17,361
planetlab5.csee.usf.edu,planetlab3.ucsd.edu,2090.82,361
planetlab1.temple.edu,planetlab-04.vt.nodes.planet-lab.org,342.436,361
node2.planetlab.mathcs.emory.edu,planetlab02.cs.washington.edu,2179.38,361
node2.planetlab.mathcs.emory.edu,planetlab-04.vt.nodes.planet-lab.org,322.686,361
node1.planetlab.mathcs.emory.edu,planetlab-04.vt.nodes.planet-lab.org,322.686,361
planetlab1.arizona-gigapop.net,planetlab3.wail.wisc.edu,1390.94,362
planetlab1.arizona-gigapop.net,planetlab3.wail.wisc.edu,1390.94,362
planetlab-04.vt.nodes.planet-lab.org,node2.planetlab.mathcs.emory.edu,322.686,362
planetlab2.cs.pitt.edu,planetlab01.cs.washington.edu,2137.39,362
planetlab2.arizona-gigapop.net,planetlab3.wail.wisc.edu,1390.94,362
planetlab1.temple.edu,planetlab-04.vt.nodes.planet-lab.org,342.436,363
planetlab5.csee.usf.edu,planetlab1.temple.edu,921.877,364
planetlab2.acis.ufl.edu,planetlab1.arizona-gigapop.net,1703.38,364
planetlab2.citadel.edu,node2.planetlab.mathcs.emory.edu,261.163,364
node1.planetlab.mathcs.emory.edu,planetlab-04.vt.nodes.planet-lab.org,322.686,364
planetlab1.ucsd.edu,planetlab1.arizona-gigapop.net,368.903,365
pl2.cs.unm.edu,node2.planetlab.mathcs.emory.edu,1272.71,366
planetlab1.temple.edu,planetlab-04.vt.nodes.planet-lab.org,342.436,366
planetlab02.cs.washington.edu,node1.planetlab.mathcs.emory.edu,2179.38,367
planetlab01.cs.washington.edu,node2.planetlab.mathcs.emory.edu,2179.38,368
planetlab1.arizona-gigapop.net,planetlab-01.vt.nodes.planet-lab.org,1759.98,369
planetlab2.citadel.edu,planet3.cc.gt.atl.ga.us,264.983,369
planetlab2.citadel.edu,planet3.cc.gt.atl.ga.us,264.983,369
planetlab3.cnds.jhu.edu,planetlab1.cs.unc.edu,270.798,369
planetlab01.cs.washington.edu,node2.planetlab.mathcs.emory.edu,2179.38,370
planetlab5.csee.usf.edu,planetlab2.cs.ucla.edu,2160.94,370
planetlab2.citadel.edu,planet3.cc.gt.atl.ga.us,264.983,370
planetlab2.acis.ufl.edu,planetlab1.arizona-gigapop.net,1703.38,370
planetlab2.citadel.edu,planet3.cc.gt.atl.ga.us,264.983,370
planetlab2.uta.edu,planetlab3.cnds.jhu.edu,1230.22,370
node1.planetlab.mathcs.emory.edu,planetlab-01.vt.nodes.planet-lab.org,322.686,370
planetlabtwo.ccs.neu.edu,planetlab2.unr.edu,2518.17,370
pl2.cs.unm.edu,75-130-96-12.static.oxfr.ma.charter.com,1929.31,371
planetlab1.unr.edu,planetlab1.temple.edu,2346.81,371
planet3.cc.gt.atl.ga.us,planetlab2.cnis.nyit.edu,765.866,373
planet3.cc.gt.atl.ga.us,planetlab2.cnis.nyit.edu,765.866,373
75-130-96-12.static.oxfr.ma.charter.com,planetlab1.unr.edu,2480.67,375
planetlab1.temple.edu,planetlab-01.vt.nodes.planet-lab.org,342.436,375
pl2.cs.unm.edu,node2.planetlab.mathcs.emory.edu,1272.71,376
planetlab1.arizona-gigapop.net,planetlab3.wail.wisc.edu,1390.94,376
planetlab1.temple.edu,planetlab-01.vt.nodes.planet-lab.org,342.436,376
planetlab1.arizona-gigapop.net,planetlab3.ucsd.edu,368.903,376
planetlab1.cs.ucla.edu,planetlab2.cs.du.edu,838.534,377
planetlab01.cs.washington.edu,planetlab4.cs.uoregon.edu,252.225,377
planetlab3.wail.wisc.edu,planetlab2.arizona-gigapop.net,1390.94,378
pl1.cs.montana.edu,planetlab2.cs.du.edu,516.104,378
planetlab1.cs.unc.edu,node1.planetlab.mathcs.emory.edu,333.827,378
planetlab2.arizona-gigapop.net,planetlab3.ucsd.edu,368.903,379
planetlab2.arizona-gigapop.net,planetlab3.wail.wisc.edu,1390.94,379
75-130-96-12.static.oxfr.ma.charter.com,planetlab1.unr.edu,2480.67,381
planetlab5.csee.usf.edu,planetlab2.temple.edu,921.877,381
pl1.cs.montana.edu,planetlab1.unr.edu,614.077,381
pl1.cs.montana.edu,planetlab1.unr.edu,614.077,381
planetlab1.cs.ucla.edu,planetlab4.cs.uoregon.edu,731.704,381
planetlab1.cs.unc.edu,node1.planetlab.mathcs.emory.edu,333.827,381
pl1.cs.montana.edu,planetlab2.unr.edu,614.077,382
planetlab1.arizona-gigapop.net,planetlab-01.vt.nodes.planet-lab.org,1759.98,382
planet3.cc.gt.atl.ga.us,planetlab5.csee.usf.edu,412.204,382
planet3.cc.gt.atl.ga.us,planetlab5.csee.usf.edu,412.204,382
planet3.cc.gt.atl.ga.us,planetlab5.csee.usf.edu,412.204,383
planet3.cc.gt.atl.ga.us,planetlab5.csee.usf.edu,412.204,383
planetlab1.arizona-gigapop.net,planetlab-01.vt.nodes.planet-lab.org,1759.98,383
planetlab1.ucsd.edu,planetlab2.cs.ucla.edu,107.845,383
planetlab1.acis.ufl.edu,planetlab5.csee.usf.edu,112.37,384
planetlab1.arizona-gigapop.net,planetlab2.cs.du.edu,613.476,384
planetlab1.arizona-gigapop.net,planetlab2.cs.du.edu,613.476,385
planetlab2.cs.pitt.edu,planetlab2.cnis.nyit.edu,337.753,387
planetlab1.cs.ucla.edu,planetlab2.unr.edu,385.402,387
planet3.cc.gt.atl.ga.us,planetlab5.csee.usf.edu,412.204,389
planet3.cc.gt.atl.ga.us,planetlab5.csee.usf.edu,412.204,389
planetlab1.temple.edu,planetlab1.unr.edu,2346.81,390
planetlab1.arizona-gigapop.net,planetlab3.wail.wisc.edu,1390.94,390
planetlab2.citadel.edu,node1.planetlab.mathcs.emory.edu,261.163,390
planetlab1.arizona-gigapop.net,planetlab2.temple.edu,2053.47,390
planetlab2.unr.edu,75-130-96-12.static.oxfr.ma.charter.com,2480.67,390
planetlab2.cs.pitt.edu,planetlab02.cs.washington.edu,2137.39,391
pl3.cs.unm.edu,node2.planetlab.mathcs.emory.edu,1272.71,391
planetlab1.cs.unc.edu,node2.planetlab.mathcs.emory.edu,333.827,393
planetlab2.unr.edu,75-130-96-12.static.oxfr.ma.charter.com,2480.67,393
planetlab1.cs.unc.edu,node2.planetlab.mathcs.emory.edu,333.827,395
planetlab1.unr.edu,planetlab1.temple.edu,2346.81,396
planetlab1.unr.edu,75-130-96-12.static.oxfr.ma.charter.com,2480.67,396
planet3.cc.gt.atl.ga.us,planetlab5.csee.usf.edu,412.204,397
planet3.cc.gt.atl.ga.us,planetlab5.csee.usf.edu,412.204,397
planetlab-04.vt.nodes.planet-lab.org,planetlab1.temple.edu,342.436,397
pl3.cs.unm.edu,planetlab1.cs.uml.edu,1955.47,397
planet3.cc.gt.atl.ga.us,planetlab5.csee.usf.edu,412.204,398
planet3.cc.gt.atl.ga.us,planetlab5.csee.usf.edu,412.204,398
planetlab1.cs.du.edu,planetlab1.cs.ucla.edu,838.534,398
planetlab1.cs.du.edu,ebb.colgate.edu,1536.1,398
planetlab2.uta.edu,planetlab3.cs.uoregon.edu,1598.03,398
planetlabtwo.ccs.neu.edu,planetlab2.temple.edu,270.723,400
planetlab2.unr.edu,pl1.cs.montana.edu,614.077,400
planetlab5.csee.usf.edu,node2.planetlab.mathcs.emory.edu,411.823,401
planetlab2.unr.edu,pl1.cs.montana.edu,614.077,401
planetlab2.unr.edu,75-130-96-12.static.oxfr.ma.charter.com,2480.67,401
planetlab2.arizona-gigapop.net,planetlab2.temple.edu,2053.47,402
planetlab2.unr.edu,pl1.cs.montana.edu,614.077,402
planetlab2.unr.edu,75-130-96-12.static.oxfr.ma.charter.com,2480.67,402
planetlab2.acis.ufl.edu,planetlab2.arizona-gigapop.net,1703.38,402
node1.planetlab.mathcs.emory.edu,planetlab5.csee.usf.edu,411.823,403
planetlab2.acis.ufl.edu,planetlab2.arizona-gigapop.net,1703.38,403
planetlab2.arizona-gigapop.net,planetlab1.temple.edu,2053.47,403
planetlab2.uta.edu,planetlab2.unl.edu,558.159,403
planetlab3.cnds.jhu.edu,planetlab2.unl.edu,1063.65,403
planetlab2.citadel.edu,node1.planetlab.mathcs.emory.edu,261.163,404
planetlab2.uta.edu,planetlab2.unl.edu,558.159,404
planetlab1.unr.edu,75-130-96-12.static.oxfr.ma.charter.com,2480.67,404
planetlab1.ucsd.edu,planetlab3.eecs.umich.edu,1932.73,404
planetlab3.wail.wisc.edu,planetlab01.cs.washington.edu,1616.67,404
planetlab-04.vt.nodes.planet-lab.org,planetlab1.temple.edu,342.436,405
planetlab2.unr.edu,75-130-96-12.static.oxfr.ma.charter.com,2480.67,406
planetlab1.ucsd.edu,planet3.cc.gt.atl.ga.us,1888.91,407
planetlab1.ucsd.edu,planet3.cc.gt.atl.ga.us,1888.91,407
planetlab2.arizona-gigapop.net,planetlab-04.vt.nodes.planet-lab.org,1759.98,408
planetlab1.arizona-gigapop.net,planetlab1.cs.du.edu,613.476,409
planetlab2.uta.edu,planetlab2.unl.edu,558.159,409
planetlab1.unr.edu,pl1.cs.montana.edu,614.077,410
planetlab1.cs.ucla.edu,planetlab2.cs.du.edu,838.534,411
planetlab2.unr.edu,pl1.cs.montana.edu,614.077,411
planetlab3.eecs.umich.edu,planetlab1.ucsd.edu,1932.73,411
planet3.cc.gt.atl.ga.us,planetlab2.cs.pitt.edu,509.245,411
planet3.cc.gt.atl.ga.us,planetlab2.cs.pitt.edu,509.245,411
planetlab1.ucsd.edu,planetlab3.eecs.umich.edu,1932.73,411
planetlab2.unr.edu,pl1.cs.montana.edu,614.077,412
ebb.colgate.edu,planetlab3.wail.wisc.edu,699.976,412
planetlab1.ucsd.edu,planetlab3.eecs.umich.edu,1932.73,412
planetlab2.arizona-gigapop.net,planetlab-01.vt.nodes.planet-lab.org,1759.98,412
planetlab5.csee.usf.edu,node2.planetlab.mathcs.emory.edu,411.823,414
planetlab2.arizona-gigapop.net,planetlab-01.vt.nodes.planet-lab.org,1759.98,414
planetlab1.arizona-gigapop.net,planetlab1.cs.du.edu,613.476,415
planetlab2.unl.edu,planetlab2.uta.edu,558.159,415
planetlab01.cs.washington.edu,planetlab3.wail.wisc.edu,1616.67,415
planetlab02.cs.washington.edu,planetlab3.wail.wisc.edu,1616.67,415
planetlab1.unr.edu,pl1.cs.montana.edu,614.077,416
planetlabone.ccs.neu.edu,planetlab2.unr.edu,2518.17,417
planetlab1.temple.edu,75-130-96-12.static.oxfr.ma.charter.com,235.434,420
planetlab2.unr.edu,pl1.cs.montana.edu,614.077,420
planetlab01.cs.washington.edu,planetlab3.wail.wisc.edu,1616.67,421
planetlab2.unl.edu,planetlab1.cs.ucla.edu,1277.72,422
planet3.cc.gt.atl.ga.us,planetlab-04.vt.nodes.planet-lab.org,326.092,423
planet3.cc.gt.atl.ga.us,planetlab-04.vt.nodes.planet-lab.org,326.092,423
planetlab3.eecs.umich.edu,planetlab4.cs.uoregon.edu,1967.73,424
planetlab-04.vt.nodes.planet-lab.org,planetlab2.arizona-gigapop.net,1759.98,424
planetlab01.cs.washington.edu,planetlab3.wail.wisc.edu,1616.67,424
planetlab02.cs.washington.edu,planetlab3.wail.wisc.edu,1616.67,424
planetlab1.cs.unc.edu,node1.planetlab.mathcs.emory.edu,333.827,424
planetlab1.acis.ufl.edu,planetlab1.arizona-gigapop.net,1703.38,425
planetlab2.unl.edu,planetlab1.cs.ucla.edu,1277.72,425
planet3.cc.gt.atl.ga.us,planetlab5.csee.usf.edu,412.204,427
planet3.cc.gt.atl.ga.us,planetlab5.csee.usf.edu,412.204,427
planetlab1.temple.edu,75-130-96-12.static.oxfr.ma.charter.com,235.434,428
planetlab1.arizona-gigapop.net,salt.planetlab.cs.umd.edu,1954.15,428
planetlab-04.vt.nodes.planet-lab.org,planetlab2.arizona-gigapop.net,1759.98,428
pl2.cs.unm.edu,planetlab1.cs.du.edu,331.033,429
planetlab1.temple.edu,planetlab1.unr.edu,2346.81,429
planetlab2.acis.ufl.edu,planetlab1.cs.du.edu,1456.94,429
planetlab01.cs.washington.edu,planetlab3.wail.wisc.edu,1616.67,429
planet3.cc.gt.atl.ga.us,planetlab-04.vt.nodes.planet-lab.org,326.092,430
planetlab2.arizona-gigapop.net,planetlab3.wail.wisc.edu,1390.94,430
planetlab3.wail.wisc.edu,planetlab2.arizona-gigapop.net,1390.94,430
planetlab2.temple.edu,75-130-96-12.static.oxfr.ma.charter.com,235.434,430
planetlab1.temple.edu,salt.planetlab.cs.umd.edu,117.417,430
planetlab2.arizona-gigapop.net,salt.planetlab.cs.umd.edu,1954.15,430
planet3.cc.gt.atl.ga.us,planetlab-04.vt.nodes.planet-lab.org,326.092,430
planetlab2.arizona-gigapop.net,planetlab1.cs.du.edu,613.476,431
planetlab3.eecs.umich.edu,planetlab1.ucsd.edu,1932.73,432
planetlab3.cnds.jhu.edu,planetlab2.arizona-gigapop.net,1973.98,432
planetlab2.acis.ufl.edu,planetlab2.arizona-gigapop.net,1703.38,433
planetlab02.cs.washington.edu,planetlab3.wail.wisc.edu,1616.67,433
planetlab2.cs.pitt.edu,planetlab3.cnds.jhu.edu,191.586,435
planetlab1.cs.okstate.edu,planetlab2.cs.ucla.edu,1213.96,436
planetlab2.arizona-gigapop.net,planetlab-04.vt.nodes.planet-lab.org,1759.98,438
planetlab2.arizona-gigapop.net,planetlab-04.vt.nodes.planet-lab.org,1759.98,438
planetlab3.wail.wisc.edu,planetlab1.arizona-gigapop.net,1390.94,438
planetlab2.cs.pitt.edu,salt.planetlab.cs.umd.edu,184.814,439
planetlabtwo.ccs.neu.edu,planetlab2.temple.edu,270.723,440
planet3.cc.gt.atl.ga.us,planetlab3.cnds.jhu.edu,577.963,440
planet3.cc.gt.atl.ga.us,planetlab3.cnds.jhu.edu,577.963,440
planetlab1.temple.edu,planetlab2.unr.edu,2346.81,440
planetlab1.cs.unc.edu,node1.planetlab.mathcs.emory.edu,333.827,440
planetlab-04.vt.nodes.planet-lab.org,planetlab1.arizona-gigapop.net,1759.98,441
planetlab2.cs.ucla.edu,planetlab1.cs.okstate.edu,1213.96,443
planetlab2.cs.ucla.edu,planetlab1.cs.okstate.edu,1213.96,444
planetlab2.acis.ufl.edu,planetlab5.csee.usf.edu,112.37,444
planetlab1.unr.edu,node2.planetlab.mathcs.emory.edu,1993.27,444
planetlab2.unr.edu,planetlab1.temple.edu,2346.81,444
pl3.cs.unm.edu,planetlab-01.vt.nodes.planet-lab.org,1466.68,445
planet3.cc.gt.atl.ga.us,planetlab-01.vt.nodes.planet-lab.org,326.092,446
planet3.cc.gt.atl.ga.us,planetlab-01.vt.nodes.planet-lab.org,326.092,446
planetlab1.temple.edu,planetlab2.unr.edu,2346.81,446
75-130-96-12.static.oxfr.ma.charter.com,planetlab1.temple.edu,235.434,447
planetlab-04.vt.nodes.planet-lab.org,planetlab1.arizona-gigapop.net,1759.98,447
planet3.cc.gt.atl.ga.us,planetlab-01.vt.nodes.planet-lab.org,326.092,448
planet3.cc.gt.atl.ga.us,planetlab-01.vt.nodes.planet-lab.org,326.092,448
planetlab3.eecs.umich.edu,planetlab3.cs.uoregon.edu,1967.73,448
planetlab1.unr.edu,planetlab2.temple.edu,2346.81,448
planet3.cc.gt.atl.ga.us,planetlab1.unr.edu,1989.75,448
planet3.cc.gt.atl.ga.us,planetlab1.unr.edu,1989.75,448
planetlab2.cs.pitt.edu,planetlab2.unr.edu,2093.1,449
planetlab1.acis.ufl.edu,planetlab2.arizona-gigapop.net,1703.38,450
planetlab1.cs.unc.edu,planetlab2.arizona-gigapop.net,1835.61,451
node1.planetlab.mathcs.emory.edu,salt.planetlab.cs.umd.edu,545.181,451
planetlab2.unr.edu,salt.planetlab.cs.umd.edu,2271.58,453
node2.planetlab.mathcs.emory.edu,salt.planetlab.cs.umd.edu,545.181,453
planetlab1.unr.edu,node1.planetlab.mathcs.emory.edu,1993.27,453
planet3.cc.gt.atl.ga.us,planetlab-01.vt.nodes.planet-lab.org,326.092,455
planet3.cc.gt.atl.ga.us,planetlab-01.vt.nodes.planet-lab.org,326.092,455
planet3.cc.gt.atl.ga.us,planetlab1.unr.edu,1989.75,455
planet3.cc.gt.atl.ga.us,planetlab1.unr.edu,1989.75,455
planetlab1.acis.ufl.edu,planetlab2.arizona-gigapop.net,1703.38,458
planetlab1.acis.ufl.edu,planetlab1.cs.du.edu,1456.94,458
planetlab2.unr.edu,planet3.cc.gt.atl.ga.us,1989.75,459
planetlab2.acis.ufl.edu,planetlab2.unl.edu,1115.4,459
pl3.cs.unm.edu,planetlab1.cs.okstate.edu,542.71,459
planetlab2.unr.edu,planet3.cc.gt.atl.ga.us,1989.75,459
planetlab3.wail.wisc.edu,planetlab1.unr.edu,1589.14,460
planet3.cc.gt.atl.ga.us,planetlab2.unr.edu,1989.75,460
planet3.cc.gt.atl.ga.us,planetlab2.unr.edu,1989.75,460
planetlab1.acis.ufl.edu,planetlab2.arizona-gigapop.net,1703.38,460
planetlab1.acis.ufl.edu,node2.planetlab.mathcs.emory.edu,308.555,460
planetlab1.temple.edu,planetlab1.cs.uml.edu,271.31,461
node1.planetlab.mathcs.emory.edu,planetlab3.cnds.jhu.edu,574.391,461
planetlab2.cs.du.edu,planetlab2.cnis.nyit.edu,1646.66,462
planet3.cc.gt.atl.ga.us,planetlab2.unr.edu,1989.75,462
node2.planetlab.mathcs.emory.edu,planetlab3.cnds.jhu.edu,574.391,462
planet3.cc.gt.atl.ga.us,planetlab2.unr.edu,1989.75,462
planetlab3.wail.wisc.edu,planetlab2.unr.edu,1589.14,463
planetlab1.cs.du.edu,planetlab2.arizona-gigapop.net,613.476,464
planetlab2.citadel.edu,planetlab1.arizona-gigapop.net,1799.36,465
planetlabone.ccs.neu.edu,planetlab1.cnis.nyit.edu,171.184,465
planetlab3.wail.wisc.edu,planetlab2.unr.edu,1589.14,466
planet3.cc.gt.atl.ga.us,salt.planetlab.cs.umd.edu,548.78,466
planet3.cc.gt.atl.ga.us,salt.planetlab.cs.umd.edu,548.78,466
planetlab3.eecs.umich.edu,planetlab3.cs.uoregon.edu,1967.73,466
planetlab2.unl.edu,planetlab2.cs.pitt.edu,874.778,467
planetlab3.eecs.umich.edu,planetlab4.cs.uoregon.edu,1967.73,468
node2.planetlab.mathcs.emory.edu,planetlab1.unr.edu,1993.27,469
planet3.cc.gt.atl.ga.us,planetlab5.csee.usf.edu,412.204,470
planetlab2.temple.edu,planetlab-01.vt.nodes.planet-lab.org,342.436,470
pl2.cs.unm.edu,75-130-96-12.static.oxfr.ma.charter.com,1929.31,470
planetlab1.acis.ufl.edu,planetlab1.cs.unc.edu,470.121,470
planetlab2.cs.du.edu,planetlab3.cnds.jhu.edu,1505.97,470
planet3.cc.gt.atl.ga.us,planetlab5.csee.usf.edu,412.204,470
planetlab1.temple.edu,planetlab1.unr.edu,2346.81,471
planetlab1.cs.okstate.edu,planetlab2.cs.uoregon.edu,1471.11,471
planetlab2.cs.pitt.edu,planetlab3.cnds.jhu.edu,191.586,471
node1.planetlab.mathcs.emory.edu,salt.planetlab.cs.umd.edu,545.181,471
node1.planetlab.mathcs.emory.edu,planetlab2.unr.edu,1993.27,472
planetlab02.cs.washington.edu,pl3.cs.unm.edu,1184.83,472
node2.planetlab.mathcs.emory.edu,salt.planetlab.cs.umd.edu,545.181,473
planetlab1.ucsd.edu,node2.planetlab.mathcs.emory.edu,1892.9,473
planetlab2.cs.du.edu,planetlab1.cs.ucla.edu,838.534,474
planetlab1.cs.unc.edu,planetlab2.cs.pitt.edu,304.384,476
planetlab2.cs.pitt.edu,planetlab1.unr.edu,2093.1,477
planetlab3.eecs.umich.edu,planetlab2.cs.uoregon.edu,1967.73,477
node2.planetlab.mathcs.emory.edu,planetlab2.unr.edu,1993.27,478
planet3.cc.gt.atl.ga.us,planetlab3.cnds.jhu.edu,577.963,478
planet3.cc.gt.atl.ga.us,planetlab3.cnds.jhu.edu,577.963,478
planetlab1.acis.ufl.edu,planetlab2.unl.edu,1115.4,479
planetlab1.acis.ufl.edu,planetlab2.uta.edu,901.435,480
planetlab1.cs.du.edu,planetlab2.cs.ucla.edu,838.534,480
planet3.cc.gt.atl.ga.us,planetlab1.ucsd.edu,1888.91,481
planet3.cc.gt.atl.ga.us,planetlab1.ucsd.edu,1888.91,481
planet3.cc.gt.atl.ga.us,planetlab1.unr.edu,1989.75,481
planet3.cc.gt.atl.ga.us,planetlab1.unr.edu,1989.75,481
planetlabone.ccs.neu.edu,planetlab2.cnis.nyit.edu,171.184,481
ebb.colgate.edu,planet3.cc.gt.atl.ga.us,787.204,482
ebb.colgate.edu,planet3.cc.gt.atl.ga.us,787.204,482
planetlab2.acis.ufl.edu,planetlab2.arizona-gigapop.net,1703.38,482
planetlab4.cs.uoregon.edu,planetlab2.uta.edu,1598.03,482
planetlab3.cnds.jhu.edu,planetlab1.temple.edu,88.9667,482
planetlab1.temple.edu,planetlab2.arizona-gigapop.net,2053.47,482
planetlab2.acis.ufl.edu,planetlab1.cs.uml.edu,1082.48,483
planetlab1.cs.du.edu,planetlab1.cs.unc.edu,1433.75,483
planetlab2.unr.edu,planetlab3.cnds.jhu.edu,2283.47,483
planetlab1.cs.du.edu,planetlab1.cs.unc.edu,1433.75,484
planetlab02.cs.washington.edu,pl3.cs.unm.edu,1184.83,485
planet3.cc.gt.atl.ga.us,planetlab2.unr.edu,1989.75,485
planet3.cc.gt.atl.ga.us,planetlab2.unr.edu,1989.75,485
planetlab2.temple.edu,planetlab3.cnds.jhu.edu,88.9667,485
planetlab1.temple.edu,node2.planetlab.mathcs.emory.edu,662.495,486
planetlab2.acis.ufl.edu,planetlab1.ucsd.edu,2067.33,486
planet3.cc.gt.atl.ga.us,planetlab-01.vt.nodes.planet-lab.org,326.092,487
planet3.cc.gt.atl.ga.us,planetlab-01.vt.nodes.planet-lab.org,326.092,487
planetlab2.arizona-gigapop.net,planetlab1.cs.du.edu,613.476,487
planetlab1.cs.du.edu,planetlab2.arizona-gigapop.net,613.476,487
planetlab2.citadel.edu,planetlab2.cs.du.edu,1466.46,487
planetlab3.wail.wisc.edu,planetlab1.unr.edu,1589.14,488
planetlab1.temple.edu,planetlab1.cs.uml.edu,271.31,489
planetlab-04.vt.nodes.planet-lab.org,planet3.cc.gt.atl.ga.us,326.092,489
planetlab-04.vt.nodes.planet-lab.org,planet3.cc.gt.atl.ga.us,326.092,489
planetlab1.arizona-gigapop.net,planetlab1.cs.du.edu,613.476,490
planetlab1.cs.okstate.edu,planetlab3.cs.uoregon.edu,1471.11,491
node1.planetlab.mathcs.emory.edu,planetlab1.unr.edu,1993.27,492
planetlab3.wail.wisc.edu,planetlab1.cs.unc.edu,739.774,492
planetlab1.acis.ufl.edu,node1.planetlab.mathcs.emory.edu,308.555,493
planetlab3.wail.wisc.edu,planetlab2.unr.edu,1589.14,493
planetlab2.arizona-gigapop.net,planetlab3.cnds.jhu.edu,1973.98,494
planetlab2.temple.edu,planetlabtwo.ccs.neu.edu,270.723,495
planetlab1.temple.edu,planetlab2.arizona-gigapop.net,2053.47,495
planet3.cc.gt.atl.ga.us,planetlab2.unr.edu,1989.75,496
planet3.cc.gt.atl.ga.us,planetlab2.unr.edu,1989.75,496
node2.planetlab.mathcs.emory.edu,planetlab2.unr.edu,1993.27,497
planet3.cc.gt.atl.ga.us,planetlab3.cnds.jhu.edu,577.963,497
planet3.cc.gt.atl.ga.us,planetlab3.cnds.jhu.edu,577.963,497
planetlab3.cnds.jhu.edu,planetlab1.arizona-gigapop.net,1973.98,497
planetlab2.arizona-gigapop.net,planetlab2.citadel.edu,1799.36,498
node2.planetlab.mathcs.emory.edu,planetlab2.unr.edu,1993.27,498
planet3.cc.gt.atl.ga.us,planetlab1.unr.edu,1989.75,499
planet3.cc.gt.atl.ga.us,planetlab1.unr.edu,1989.75,499
